model,state,MSE,RMSE
nominal (kinematic),v_x,2.0811976756823702e-05,0.004562014550264357
nominal (kinematic),v_y,0.15817749583110902,0.39771534522961144
nominal (kinematic),omega,0.007667563623156221,0.08756462540978646
nominal+residual,v_x,6.941966194113463e-07,0.0008331846250449814
nominal+residual,v_y,8.533459583487714e-05,0.00923767264168184
nominal+residual,omega,0.002799331977430072,0.05290871362479031
known ST model,v_x,1.0538688233364122e-08,0.0001026581133343299
known ST model,v_y,2.615927888707871e-06,0.001617383037102798
known ST model,omega,0.002289097022774746,0.047844508804822584
