model,state,MSE,RMSE
nominal (kinematic),v_x,0.046549788311627746,0.21575399952637667
nominal (kinematic),v_y,1.3287992259159664,1.15273554031962
nominal (kinematic),omega,0.03435240954239761,0.1853440302313447
nominal+residual,v_x,4.938674331141658e-06,0.002222312833770632
nominal+residual,v_y,9.769856413288925e-05,0.009884258400754669
nominal+residual,omega,0.00437324545923851,0.06613051836511272
known ST model,v_x,6.490048990352341e-07,0.0008056084030316678
known ST model,v_y,3.351261792267474e-05,0.005789008371273507
known ST model,omega,0.006201494132390562,0.07874956591874371
